imdb_title_id,wikidata_item_id,wikidata_item_label,production_company,production_country,original_language,source_wikidata_item_url
tt10655524,Q118641054,It Ends With Us,,,,http://www.wikidata.org/entity/Q118641054
tt11206302,Q97152456,30 Days Left,,,,http://www.wikidata.org/entity/Q97152456
tt11210032,Q79325356,Sheep Without a Shepherd,,,,http://www.wikidata.org/entity/Q79325356
tt11210390,Q48758615,Asterix & Obelix: The Middle Kingdom,,,,http://www.wikidata.org/entity/Q48758615
tt11214590,Q105549749,House of Gucci,,,,http://www.wikidata.org/entity/Q105549749
tt11219254,Q85883356,We Made a Beautiful Bouquet,,,,http://www.wikidata.org/entity/Q85883356
tt11245972,Q88563268,Scream,,,,http://www.wikidata.org/entity/Q88563268
tt11252248,Q104843787,Dog,,,,http://www.wikidata.org/entity/Q104843787
tt11271038,Q102036245,Licorice Pizza,,,,http://www.wikidata.org/entity/Q102036245
tt11285152,Q105080537,Love You Forever,,,,http://www.wikidata.org/entity/Q105080537
tt11291274,Q87220566,The Unbearable Weight of Massive Talent,,,,http://www.wikidata.org/entity/Q87220566
tt11304740,Q113883193,Wish,,,,http://www.wikidata.org/entity/Q113883193
tt11315808,Q108628759,Joker: Folie à Deux,,,,http://www.wikidata.org/entity/Q108628759
tt11358398,Q78730189,The Man Standing Next,,,,http://www.wikidata.org/entity/Q78730189
tt11389872,Q114314695,Kingdom of the Planet of the Apes,,,,http://www.wikidata.org/entity/Q114314695
tt11389872,Q114314695,Kingdom of the Planet of the Apes,,,,http://www.wikidata.org/entity/Q114314695
tt11427318,Q110867758,Kyou kara Ore wa!!,,,,http://www.wikidata.org/entity/Q110867758
tt11448070,Q97178048,Under the Light,,,,http://www.wikidata.org/entity/Q97178048
tt11448076,Q96575659,Cliff Walkers,,,,http://www.wikidata.org/entity/Q96575659
tt11454718,Q104489028,The Yin-Yang Master: Dream of Eternity,,,,http://www.wikidata.org/entity/Q104489028
tt11466222,Q104528612,Jackass Forever,,,,http://www.wikidata.org/entity/Q104528612
tt11482948,Q91880246,Schemes in Antiques,,,,http://www.wikidata.org/entity/Q91880246
tt11506284,Q98033877,Father There Is Only One,,,,http://www.wikidata.org/entity/Q98033877
tt11563598,Q118175825,A Complete Unknown,,,,http://www.wikidata.org/entity/Q118175825
tt11564214,Q83429809,Endgame,,,,http://www.wikidata.org/entity/Q83429809
tt1160419,Q60834962,Dune,,,,http://www.wikidata.org/entity/Q60834962
tt11649614,Q79999337,Hitman: Agent Jun,,,,http://www.wikidata.org/entity/Q79999337
tt11654032,Q85882317,Boonie Bears: The Wild Life,,,,http://www.wikidata.org/entity/Q85882317
tt11655566,Q59395971,Lilo & Stitch,,,,http://www.wikidata.org/entity/Q59395971
tt11703710,Q106577763,Downton Abbey: A New Era,,,,http://www.wikidata.org/entity/Q106577763
tt11729298,Q105226296,American Underdog,,,,http://www.wikidata.org/entity/Q105226296
tt11762114,Q117014906,Mean Girls,,,,http://www.wikidata.org/entity/Q117014906
tt1179933,Q18703038,10 Cloverfield Lane,,,,http://www.wikidata.org/entity/Q18703038
tt11809034,Q103820244,Rurouni Kenshin: The Final,,,,http://www.wikidata.org/entity/Q103820244
tt11813216,Q108314506,The Banshees of Inisherin,,,,http://www.wikidata.org/entity/Q108314506
tt11819890,Q81583691,Pokémon the Movie: Secrets of the Jungle,,,,http://www.wikidata.org/entity/Q81583691
tt11832046,Q97609238,PAW Patrol: The Movie,,,,http://www.wikidata.org/entity/Q97609238
tt11851548,Q101229556,Orphan: First Kill,,,,http://www.wikidata.org/entity/Q101229556
tt11858890,Q110617876,The Creator,,,,http://www.wikidata.org/entity/Q110617876
tt11923304,Q100255572,Tokyo Revengers,,,,http://www.wikidata.org/entity/Q100255572
tt1200263,Q111270010,The Color Purple,,,,http://www.wikidata.org/entity/Q111270010
tt12003946,Q111170246,Violent Night,,,,http://www.wikidata.org/entity/Q111170246
tt12037194,Q100361125,Furiosa: A Mad Max Saga,,,,http://www.wikidata.org/entity/Q100361125
tt1206885,Q54854465,Rambo: Last Blood,,,,http://www.wikidata.org/entity/Q54854465
tt12093860,Q76769702,Detective Conan: The Scarlet Bullet,,,,http://www.wikidata.org/entity/Q76769702
tt1211837,Q18406872,Doctor Strange,,,,http://www.wikidata.org/entity/Q18406872
tt1213641,Q42708010,First Man,,,,http://www.wikidata.org/entity/Q42708010
tt12151820,Q105413958,The Yin Yang Master,,,,http://www.wikidata.org/entity/Q105413958
tt12193804,Q109446845,Whitney Houston: I Wanna Dance with Somebody,,,,http://www.wikidata.org/entity/Q109446845
tt1219827,Q22575835,Ghost in the Shell,,,,http://www.wikidata.org/entity/Q22575835
tt12261776,Q104187039,65,,,,http://www.wikidata.org/entity/Q104187039
tt12299608,Q112977213,Mickey 17,,,,http://www.wikidata.org/entity/Q112977213
tt12300742,Q125971387,Bugonia,,,,http://www.wikidata.org/entity/Q125971387
tt12363162,Q97300316,"My People, My Homeland",,,,http://www.wikidata.org/entity/Q97300316
tt12392662,Q96401377,Soul Snatcher,,,,http://www.wikidata.org/entity/Q96401377
tt12412888,Q105970894,Sonic the Hedgehog 2,,,,http://www.wikidata.org/entity/Q105970894
tt12415670,Q115259343,Kingdom 2: Far and Away,,,,http://www.wikidata.org/entity/Q115259343
tt12497408,Q104532857,A Little Red Flower,,,,http://www.wikidata.org/entity/Q104532857
tt12584954,Q115932556,Twisters,,,,http://www.wikidata.org/entity/Q115932556
tt12584954,Q115932556,Twisters,,,,http://www.wikidata.org/entity/Q115932556
tt12593682,Q99900595,Bullet Train,,,,http://www.wikidata.org/entity/Q99900595
tt1259528,Q28860130,Den of Thieves,,,,http://www.wikidata.org/entity/Q28860130
tt1262426,Q24797403,Wicked,,,,http://www.wikidata.org/entity/Q24797403
tt1262426,Q24797403,Wicked,,,,http://www.wikidata.org/entity/Q24797403
tt12624504,Q107356491,1921,,,,http://www.wikidata.org/entity/Q107356491
tt1270797,Q23006268,Venom,,,,http://www.wikidata.org/entity/Q23006268
tt12718318,Q95572774,The Untold Tale of the Three Kingdoms,,,,http://www.wikidata.org/entity/Q95572774
tt12735488,Q112430183,Kalki 2898 AD,,,,http://www.wikidata.org/entity/Q112430183
tt12763920,Q93739110,Deliver Us From Evil,,,,http://www.wikidata.org/entity/Q93739110
tt12767996,Q110447988,The Confidence Man JP: Princess,,,,http://www.wikidata.org/entity/Q110447988
tt12788426,Q106369815,Sister,,,,http://www.wikidata.org/entity/Q106369815
tt12789558,Q100736066,Belfast,,,,http://www.wikidata.org/entity/Q100736066
tt12801262,Q97925311,Luca,,,,http://www.wikidata.org/entity/Q97925311
tt12844910,Q114620212,Pathaan,,,,http://www.wikidata.org/entity/Q114620212
tt12850062,Q67000951,Crayon Shin-chan: Crash! Rakuga Kingdom and Almost Four Heroes,,,,http://www.wikidata.org/entity/Q67000951
tt12873562,Q112878296,The Invitation,,,,http://www.wikidata.org/entity/Q112878296
tt1289401,Q20120108,Ghostbusters,,,,http://www.wikidata.org/entity/Q20120108
tt12921446,Q107610336,The Exorcist: Believer,,,,http://www.wikidata.org/entity/Q107610336
tt1292566,Q19880527,How to Be Single,,,,http://www.wikidata.org/entity/Q19880527
tt1293847,Q22075020,xXx Return of Xander Cage,,,,http://www.wikidata.org/entity/Q22075020
tt1298644,Q43208792,The Hustle,,,,http://www.wikidata.org/entity/Q43208792
tt13000980,Q102967304,The Sacrifice,,,,http://www.wikidata.org/entity/Q102967304
tt13097932,Q114344937,One Life,,,,http://www.wikidata.org/entity/Q114344937
tt13154372,Q109344452,The End of Endless Love,,,,http://www.wikidata.org/entity/Q109344452
tt13186482,Q114242678,Mufasa: The Lion King,,,,http://www.wikidata.org/entity/Q114242678
tt13186482,Q114242678,Mufasa: The Lion King,,,,http://www.wikidata.org/entity/Q114242678
tt13210996,Q100683417,Samjin Company English Class,,,,http://www.wikidata.org/entity/Q100683417
tt1321510,Q63698573,In the Heights,,,,http://www.wikidata.org/entity/Q63698573
tt13223398,Q111942495,Beast,,,,http://www.wikidata.org/entity/Q111942495
tt1325004,Q217010,The Twilight Saga: Eclipse,,,,http://www.wikidata.org/entity/Q217010
tt13269670,Q105330046,New Gods: Nezha Reborn,,,,http://www.wikidata.org/entity/Q105330046
tt13273172,Q65241567,Pawn,,,,http://www.wikidata.org/entity/Q65241567
tt13276012,Q104212243,Poupelle of Chimney Town,,,,http://www.wikidata.org/entity/Q104212243
tt13287846,Q105806948,Napoleon,,,,http://www.wikidata.org/entity/Q105806948
tt13320622,Q107040798,The Lost City,,,,http://www.wikidata.org/entity/Q107040798
tt13345606,Q107203508,Evil Dead Rise,,,,http://www.wikidata.org/entity/Q107203508
tt13347818,Q109342681,Bath Buddy,,,,http://www.wikidata.org/entity/Q109342681
tt13364790,Q105221616,"Hi, Mom",,,,http://www.wikidata.org/entity/Q105221616
tt13375076,Q116733128,The Pope's Exorcist,,,,http://www.wikidata.org/entity/Q116733128
tt13405778,Q113467000,Insidious: The Red Door,,,,http://www.wikidata.org/entity/Q113467000
tt13428402,Q78185552,Stand by Me Doraemon 2,,,,http://www.wikidata.org/entity/Q78185552
tt13428686,Q100945934,Collectors,,,,http://www.wikidata.org/entity/Q100945934
tt13433802,Q112183404,A Quiet Place: Day One,,,,http://www.wikidata.org/entity/Q112183404
tt13462900,Q107273994,The Battle at Lake Changjin,,,,http://www.wikidata.org/entity/Q107273994
tt13529418,Q97193421,Warm Hug,,,,http://www.wikidata.org/entity/Q97193421
tt13539646,Q108659445,The Wandering Earth 2,,,,http://www.wikidata.org/entity/Q108659445
tt13544716,Q107130536,My Hero Academia: World Heroes' Mission,,,,http://www.wikidata.org/entity/Q107130536
tt1355644,Q20962283,Passengers,,,,http://www.wikidata.org/entity/Q20962283
tt13575838,Q109259544,Upcoming Summer,,,,http://www.wikidata.org/entity/Q109259544
tt13606158,Q63981637,The Last Warrior: Root of Evil,,,,http://www.wikidata.org/entity/Q63981637
tt1361336,Q65921361,Tom & Jerry,,,,http://www.wikidata.org/entity/Q65921361
tt13616600,Q131322018,Takizawa Kabuki Zero 2020: The Movie,,,,http://www.wikidata.org/entity/Q131322018
tt13622970,Q124457266,Moana 2,,,,http://www.wikidata.org/entity/Q124457266
tt13622970,Q124457266,Moana 2,,,,http://www.wikidata.org/entity/Q124457266
tt13640696,Q105319897,See How They Run,,,,http://www.wikidata.org/entity/Q105319897
tt13651628,Q104184744,Belle,,,,http://www.wikidata.org/entity/Q104184744
tt13655044,Q109258792,Break Through The Darkness,,,,http://www.wikidata.org/entity/Q109258792
tt1365519,Q28489891,Tomb Raider,,,,http://www.wikidata.org/entity/Q28489891
tt13696296,Q107356493,Chinese Doctors,,,,http://www.wikidata.org/entity/Q107356493
tt13721828,Q111364645,The Witch: Part 2. The Other One,,,,http://www.wikidata.org/entity/Q111364645
tt13740078,Q101863729,Doraemon: Nobita's Little Star Wars 2021,,,,http://www.wikidata.org/entity/Q101863729
tt13751694,Q115947372,Animal,,,,http://www.wikidata.org/entity/Q115947372
tt13769630,Q104641226,The Last Warrior 3,,,,http://www.wikidata.org/entity/Q104641226
tt13833688,Q105883400,The Whale,,,,http://www.wikidata.org/entity/Q105883400
tt1386697,Q18604504,Suicide Squad,,,,http://www.wikidata.org/entity/Q18604504
tt13917134,Q105616880,Big Red Envelope,,,,http://www.wikidata.org/entity/Q105616880
tt1396484,Q25136484,It,,,,http://www.wikidata.org/entity/Q25136484
tt14088510,Q123910753,Tarot,,,,http://www.wikidata.org/entity/Q123910753
tt14107334,Q125449414,The Running Man,,,,http://www.wikidata.org/entity/Q125449414
tt14109724,Q109511080,Ticket to Paradise,,,,http://www.wikidata.org/entity/Q109511080
tt14208870,Q107710009,The Fabelmans,,,,http://www.wikidata.org/entity/Q107710009
tt14209916,Q105840301,Cocaine Bear,,,,http://www.wikidata.org/entity/Q105840301
tt14230388,Q108086029,Asteroid City,,,,http://www.wikidata.org/entity/Q108086029
tt14230458,Q108760382,Poor Things,,,,http://www.wikidata.org/entity/Q108760382
tt1431045,Q19347291,Deadpool,,,,http://www.wikidata.org/entity/Q19347291
tt14331144,Q109914608,Jujutsu Kaisen 0,,,,http://www.wikidata.org/entity/Q109914608
tt14362112,Q117323743,Trolls Band Together,,,,http://www.wikidata.org/entity/Q117323743
tt14428606,Q106020073,Man In Love,,,,http://www.wikidata.org/entity/Q106020073
tt14444726,Q108649516,Tár,,,,http://www.wikidata.org/entity/Q108649516
tt14466064,Q101245296,Once Upon a Time in Hong Kong,,,,http://www.wikidata.org/entity/Q101245296
tt1448754,Q117210104,Thanksgiving,,,,http://www.wikidata.org/entity/Q117210104
tt14503918,Q106551383,My Love,,,,http://www.wikidata.org/entity/Q106551383
tt14513804,Q112322116,Captain America: Brave New World,,,,http://www.wikidata.org/entity/Q112322116
tt14539740,Q113360912,Godzilla x Kong: The New Empire,,,,http://www.wikidata.org/entity/Q113360912
tt14539740,Q113360912,Godzilla x Kong: The New Empire,,,,http://www.wikidata.org/entity/Q113360912
tt14546082,Q110607986,Love Will Tear Us Apart,,,,http://www.wikidata.org/entity/Q110607986
tt14557302,Q113353851,Moon Man,,,,http://www.wikidata.org/entity/Q113353851
tt14614892,Q107656066,Dragon Ball Super: Super Hero,,,,http://www.wikidata.org/entity/Q107656066
tt1462764,Q24278982,Indiana Jones and the Dial of Destiny,,,,http://www.wikidata.org/entity/Q24278982
tt1464335,Q67171881,Uncharted,,,,http://www.wikidata.org/entity/Q67171881
tt14668630,Q108559256,"Lyle, Lyle, Crocodile",,,,http://www.wikidata.org/entity/Q108559256
tt1469304,Q23016495,Baywatch,,,,http://www.wikidata.org/entity/Q23016495
tt14734538,Q109357288,ARASHI Anniversary Tour 5×20 FILM “Record of Memories”,,,,http://www.wikidata.org/entity/Q109357288
tt1473832,Q11909982,Bridget Jones's Baby,,,,http://www.wikidata.org/entity/Q11909982
tt14759062,Q120231658,Mobile Suit Gundam SEED Freedom,,,,http://www.wikidata.org/entity/Q120231658
tt1477834,Q22998395,Aquaman,,,,http://www.wikidata.org/entity/Q22998395
tt14810692,Q107208538,Escape from Mogadishu,,,,http://www.wikidata.org/entity/Q107208538
tt14849194,Q112114745,The Holdovers,,,,http://www.wikidata.org/entity/Q112114745
tt1485796,Q27942936,The Greatest Showman,,,,http://www.wikidata.org/entity/Q27942936
tt14858658,Q113012523,Blink Twice,,,,http://www.wikidata.org/entity/Q113012523
tt1489889,Q19867575,Central Intelligence,,,,http://www.wikidata.org/entity/Q19867575
tt14905854,Q122741016,Hamnet,,,,http://www.wikidata.org/entity/Q122741016
tt1493274,Q130248726,Caught Stealing,,,,http://www.wikidata.org/entity/Q130248726
tt14941698,Q113459376,Tad the Lost Explorer and the Emerald Tablet,,,,http://www.wikidata.org/entity/Q113459376
tt14948432,Q114876737,Red One,,,,http://www.wikidata.org/entity/Q114876737
tt14961016,Q124262351,I'm Still Here,,,,http://www.wikidata.org/entity/Q124262351
tt15009428,Q107460063,Argylle,,,,http://www.wikidata.org/entity/Q107460063
tt1502397,Q29021224,Bad Boys for Life,,,,http://www.wikidata.org/entity/Q29021224
tt1502407,Q20666646,Halloween,,,,http://www.wikidata.org/entity/Q20666646
tt1517268,Q55436290,Barbie,,,,http://www.wikidata.org/entity/Q55436290
tt1517451,Q3286391,A Star Is Born,,,,http://www.wikidata.org/entity/Q3286391
tt15239678,Q109228991,Dune: Part Two,,,,http://www.wikidata.org/entity/Q109228991
tt15239678,Q109228991,Dune: Part Two,,,,http://www.wikidata.org/entity/Q109228991
tt15242330,Q112897629,The First Slam Dunk,,,,http://www.wikidata.org/entity/Q112897629
tt1527793,Q129906152,No Other Choice,,,,http://www.wikidata.org/entity/Q129906152
tt15314262,Q115766625,The Beekeeper,,,,http://www.wikidata.org/entity/Q115766625
tt15398776,Q108839994,Oppenheimer,,,,http://www.wikidata.org/entity/Q108839994
tt15413054,Q108578472,Cloudy Mountain,,,,http://www.wikidata.org/entity/Q108578472
tt15465312,Q108800348,"My Country, My Parents",,,,http://www.wikidata.org/entity/Q108800348
tt15474916,Q112623225,Smile,,,,http://www.wikidata.org/entity/Q112623225
tt1560220,Q58879016,Zombieland: Double Tap,,,,http://www.wikidata.org/entity/Q58879016
tt1563742,Q48672812,Overboard,,,,http://www.wikidata.org/entity/Q48672812
tt15671028,Q114397511,No Hard Feelings,,,,http://www.wikidata.org/entity/Q114397511
tt15678738,Q136565787,David,,,,http://www.wikidata.org/entity/Q136565787
tt15679400,Q111684978,Knock at the Cabin,,,,http://www.wikidata.org/entity/Q111684978
tt1571234,Q28999515,Mortal Engines,,,,http://www.wikidata.org/entity/Q28999515
tt15783462,Q110599102,Nice View,,,,http://www.wikidata.org/entity/Q110599102
tt15789038,Q112801489,Elemental,,,,http://www.wikidata.org/entity/Q112801489
tt15791034,Q38526439,Barbarian,,,,http://www.wikidata.org/entity/Q38526439
tt15837338,Q111918018,PAW Patrol: The Mighty Movie,,,,http://www.wikidata.org/entity/Q111918018
tt15838850,Q109355923,The Roundup,,,,http://www.wikidata.org/entity/Q109355923
tt1590193,Q27566067,The Commuter,,,,http://www.wikidata.org/entity/Q27566067
tt16043930,Q109257627,Be Somebody,,,,http://www.wikidata.org/entity/Q109257627
tt1609486,Q111883640,Harold and the Purple Crayon,,,,http://www.wikidata.org/entity/Q111883640
tt1615160,Q22252048,The Foreigner,,,,http://www.wikidata.org/entity/Q22252048
tt16183464,Q109638221,One Piece Film: Red,,,,http://www.wikidata.org/entity/Q109638221
tt16194408,Q110795632,The Battle at Lake Changjin II,,,,http://www.wikidata.org/entity/Q110795632
tt1620680,Q24301388,A Wrinkle in Time,,,,http://www.wikidata.org/entity/Q24301388
tt1620981,Q54825652,The Addams Family,,,,http://www.wikidata.org/entity/Q54825652
tt16254308,Q110868131,Too Cool to Kill,,,,http://www.wikidata.org/entity/Q110868131
tt16280138,Q114876189,Magic Mike's Last Dance,,,,http://www.wikidata.org/entity/Q114876189
tt1628841,Q19614711,Independence Day: Resurgence,,,,http://www.wikidata.org/entity/Q19614711
tt1630029,Q3604746,Avatar: The Way of Water,,,,http://www.wikidata.org/entity/Q3604746
tt16311594,Q114246242,F1,,,,http://www.wikidata.org/entity/Q114246242
tt1634106,Q56033171,Bloodshot,,,,http://www.wikidata.org/entity/Q56033171
tt16366836,Q113371337,Venom: The Last Dance,,,,http://www.wikidata.org/entity/Q113371337
tt16366836,Q113371337,Venom: The Last Dance,,,,http://www.wikidata.org/entity/Q113371337
tt16377888,Q111263107,Calendar Girls,,,,http://www.wikidata.org/entity/Q111263107
tt16419074,Q115625646,Air,,,,http://www.wikidata.org/entity/Q115625646
tt16426418,Q111458251,Challengers,,,,http://www.wikidata.org/entity/Q111458251
tt16428256,Q110126272,Suzume,,,,http://www.wikidata.org/entity/Q110126272
tt16444750,Q109360134,The Last Ten Years,,,,http://www.wikidata.org/entity/Q109360134
tt16444750,Q112646942,The Last Ten Years,,,,http://www.wikidata.org/entity/Q112646942
tt1648190,Q21647114,The Dark Tower,,,,http://www.wikidata.org/entity/Q21647114
tt16492678,Q130597906,Demon Slayer: Kimetsu No Yaiba   Tsuzumi Mansion Arc,,,,http://www.wikidata.org/entity/Q130597906
tt16539454,Q112083510,Pushpa 2: The Rule,,,,http://www.wikidata.org/entity/Q112083510
tt16550628,Q110653007,Cheburashka,,,,http://www.wikidata.org/entity/Q110653007
tt16565742,Q116042266,Hidden Blade,,,,http://www.wikidata.org/entity/Q116042266
tt1674782,Q124246470,Karate Kid: Legends,,,,http://www.wikidata.org/entity/Q124246470
tt1677720,Q22000542,Ready Player One,,,,http://www.wikidata.org/entity/Q22000542
tt1679335,Q7845294,Trolls,,,,http://www.wikidata.org/entity/Q7845294
tt1684562,Q113671585,The Fall Guy,,,,http://www.wikidata.org/entity/Q113671585
tt1695843,Q108940282,Haunted Mansion,,,,http://www.wikidata.org/entity/Q108940282
tt1700841,Q17030810,Sausage Party,,,,http://www.wikidata.org/entity/Q17030810
tt17024450,Q114818951,The Equalizer 3,,,,http://www.wikidata.org/entity/Q114818951
tt1711525,Q23755403,Office Christmas Party,,,,http://www.wikidata.org/entity/Q23755403
tt1727824,Q27894574,Bohemian Rhapsody,,,,http://www.wikidata.org/entity/Q27894574
tt17279496,Q111538862,Civil War,,,,http://www.wikidata.org/entity/Q111538862
tt1745960,Q31202708,Top Gun: Maverick,,,,http://www.wikidata.org/entity/Q31202708
tt17505010,Q124670101,Horizon: An American Saga – Chapter 1,,,,http://www.wikidata.org/entity/Q124670101
tt17507018,Q119861439,Lost in the Stars,,,,http://www.wikidata.org/entity/Q119861439
tt17526714,Q113380226,The Substance,,,,http://www.wikidata.org/entity/Q113380226
tt1753383,Q21527614,A Dog's Purpose,,,,http://www.wikidata.org/entity/Q21527614
tt1757678,Q29580929,Avatar: Fire and Ash,,,,http://www.wikidata.org/entity/Q29580929
tt17663992,Q112183099,Scream VI,,,,http://www.wikidata.org/entity/Q112183099
tt1790809,Q10350033,Pirates of the Caribbean: Dead Men Tell no Tales,,,,http://www.wikidata.org/entity/Q10350033
tt18069420,Q124125148,Smurfs,,,,http://www.wikidata.org/entity/Q124125148
tt1825683,Q23780734,Black Panther,,,,http://www.wikidata.org/entity/Q23780734
tt18259086,Q115859490,Sonic the Hedgehog 3,,,,http://www.wikidata.org/entity/Q115859490
tt18259086,Q115859490,Sonic the Hedgehog 3,,,,http://www.wikidata.org/entity/Q115859490
tt1838556,Q59238943,Honest Thief,,,,http://www.wikidata.org/entity/Q59238943
tt18412256,Q115932544,Alien: Romulus,,,,http://www.wikidata.org/entity/Q115932544
tt1856080,Q111528279,The Boys in the Boat,,,,http://www.wikidata.org/entity/Q111528279
tt1856101,Q21500755,Blade Runner 2049,,,,http://www.wikidata.org/entity/Q21500755
tt1860213,Q18669866,Dirty Grandpa,,,,http://www.wikidata.org/entity/Q18669866
tt1860357,Q19877874,Deepwater Horizon,,,,http://www.wikidata.org/entity/Q19877874
tt18687124,Q125993398,BTS Permission to Dance on Stage - Seoul: Live Viewing,,,,http://www.wikidata.org/entity/Q125993398
tt1877830,Q61117344,The Batman,,,,http://www.wikidata.org/entity/Q61117344
tt1896747,Q115057826,Fly Me to the Moon,,,,http://www.wikidata.org/entity/Q115057826
tt1920885,Q10938623,Big Fish & Begonia,,,,http://www.wikidata.org/entity/Q10938623
tt1935859,Q19321019,Miss Peregrine's Home for Peculiar Children,,,,http://www.wikidata.org/entity/Q19321019
tt1950186,Q55081822,Ford v Ferrari,,,,http://www.wikidata.org/entity/Q55081822
tt1959563,Q23796644,The Hitman's Bodyguard,,,,http://www.wikidata.org/entity/Q23796644
tt1961175,Q26882523,American Assassin,,,,http://www.wikidata.org/entity/Q26882523
tt1972591,Q19569225,King Arthur: Legend of the Sword,,,,http://www.wikidata.org/entity/Q19569225
tt19770970,Q109844247,Detective Conan: The Bride of Halloween,,,,http://www.wikidata.org/entity/Q109844247
tt1979376,Q18517638,Toy Story 4,,,,http://www.wikidata.org/entity/Q18517638
tt1981128,Q18342910,Geostorm,,,,http://www.wikidata.org/entity/Q18342910
tt19847976,Q114817050,Wicked: For Good,,,,http://www.wikidata.org/entity/Q114817050
tt1985949,Q18703062,The Angry Birds Movie,,,,http://www.wikidata.org/entity/Q18703062
tt1987680,Q28793040,The Upside,,,,http://www.wikidata.org/entity/Q28793040
tt2005151,Q19872548,War Dogs,,,,http://www.wikidata.org/entity/Q19872548
tt20215234,Q116701124,Conclave,,,,http://www.wikidata.org/entity/Q116701124
tt20249418,Q116973714,Romancham,,,,http://www.wikidata.org/entity/Q116973714
tt2034800,Q19587336,The Great Wall,,,,http://www.wikidata.org/entity/Q19587336
tt2049403,Q112865900,Beetlejuice Beetlejuice,,,,http://www.wikidata.org/entity/Q112865900
tt2049403,Q112865900,Beetlejuice Beetlejuice,,,,http://www.wikidata.org/entity/Q112865900
tt2066051,Q55934795,Rocketman,,,,http://www.wikidata.org/entity/Q55934795
tt2076298,Q54958357,Ip Man 4: The Finale,,,,http://www.wikidata.org/entity/Q54958357
tt20865078,Q119015196,One and Only,,,,http://www.wikidata.org/entity/Q119015196
tt20865116,Q120486242,Never Say Never,,,,http://www.wikidata.org/entity/Q120486242
tt2091256,Q20979182,Captain Underpants: The First Epic Movie,,,,http://www.wikidata.org/entity/Q20979182
tt2094766,Q18816889,Assassin's Creed,,,,http://www.wikidata.org/entity/Q18816889
tt20969586,Q112322474,Thunderbolts*,,,,http://www.wikidata.org/entity/Q112322474
tt21064584,Q114901506,The Iron Claw,,,,http://www.wikidata.org/entity/Q114901506
tt21109538,Q97218226,Hansan: Rising Dragon,,,,http://www.wikidata.org/entity/Q97218226
tt21148018,Q115921533,Full River Red,,,,http://www.wikidata.org/entity/Q115921533
tt2119532,Q21010856,Hacksaw Ridge,,,,http://www.wikidata.org/entity/Q21010856
tt2119543,Q42914959,The House with a Clock in Its Walls,,,,http://www.wikidata.org/entity/Q42914959
tt21235248,Q113300586,Ghostbusters: Frozen Empire,,,,http://www.wikidata.org/entity/Q113300586
tt21261712,Q116507926,Back to Black,,,,http://www.wikidata.org/entity/Q116507926
tt21364552,Q113317051,The Roundup: No Way Out,,,,http://www.wikidata.org/entity/Q113317051
tt2140479,Q18883455,The Accountant,,,,http://www.wikidata.org/entity/Q18883455
tt21454134,Q113668560,The Bikeriders,,,,http://www.wikidata.org/entity/Q113668560
tt21692408,Q114707487,Kung Fu Panda 4,,,,http://www.wikidata.org/entity/Q114707487
tt21692408,Q114707487,Kung Fu Panda 4,,,,http://www.wikidata.org/entity/Q114707487
tt21800162,Q123179308,There Is Still Tomorrow,,,,http://www.wikidata.org/entity/Q123179308
tt21800888,Q111948809,6/45,,,,http://www.wikidata.org/entity/Q111948809
tt21807222,Q115734942,Saw X,,,,http://www.wikidata.org/entity/Q115734942
tt21867370,Q105584534,Confidential Assignment 2: International,,,,http://www.wikidata.org/entity/Q105584534
tt22022452,Q113877606,Inside Out 2,,,,http://www.wikidata.org/entity/Q113877606
tt22022452,Q113877606,Inside Out 2,,,,http://www.wikidata.org/entity/Q113877606
tt22050754,Q114073140,The Strangers: Chapter 1,,,,http://www.wikidata.org/entity/Q114073140
tt22058628,Q116371087,Born to Fly,,,,http://www.wikidata.org/entity/Q116371087
tt22185176,Q121725484,Volunteers: Xiongbing Attack,,,,http://www.wikidata.org/entity/Q121725484
tt2226597,Q27964596,The Mountain Between Us,,,,http://www.wikidata.org/entity/Q27964596
tt2231461,Q29470162,Rampage,,,,http://www.wikidata.org/entity/Q29470162
tt2238032,Q18613571,Skiptrace,,,,http://www.wikidata.org/entity/Q18613571
tt2239822,Q20926273,Valérian and the City of a Thousand Planets,,,,http://www.wikidata.org/entity/Q20926273
tt2241351,Q19363691,Money Monster,,,,http://www.wikidata.org/entity/Q19363691
tt22506970,Q79998805,Hero,,,,http://www.wikidata.org/entity/Q79998805
tt22507524,Q115858816,12.12: The Day,,,,http://www.wikidata.org/entity/Q115858816
tt2250912,Q23010088,Spider-Man: Homecoming,,,,http://www.wikidata.org/entity/Q23010088
tt2261287,Q27918412,Ballerina,,,,http://www.wikidata.org/entity/Q27918412
tt2267968,Q15055043,Kung Fu Panda 3,,,,http://www.wikidata.org/entity/Q15055043
tt22687790,Q114589148,A Haunting in Venice,,,,http://www.wikidata.org/entity/Q114589148
tt2277860,Q9321426,Finding Dory,,,,http://www.wikidata.org/entity/Q9321426
tt2283336,Q55439830,Men in Black: International,,,,http://www.wikidata.org/entity/Q55439830
tt2283362,Q20762680,Jumanji: Welcome to the Jungle,,,,http://www.wikidata.org/entity/Q20762680
tt22898462,Q114802043,The Conjuring: Last Rites,,,,http://www.wikidata.org/entity/Q114802043
tt2296777,Q24904727,Gnomeo and Juliet 2: Sherlock Gnomes,,,,http://www.wikidata.org/entity/Q24904727
tt23137390,Q116980365,Immaculate,,,,http://www.wikidata.org/entity/Q116980365
tt2316204,Q20430699,Alien: Covenant,,,,http://www.wikidata.org/entity/Q20430699
tt23177868,Q116005474,Mummies,,,,http://www.wikidata.org/entity/Q116005474
tt23289160,Q115053037,Godzilla Minus One,,,,http://www.wikidata.org/entity/Q115053037
tt2345759,Q23759268,The Mummy,,,,http://www.wikidata.org/entity/Q23759268
tt23468450,Q116470610,Longlegs,,,,http://www.wikidata.org/entity/Q116470610
tt2347285,Q123597250,Best Christmas Pageant Ever,,,,http://www.wikidata.org/entity/Q123597250
tt23572848,Q118847776,The SpongeBob Movie: Search for SquarePants,,,,http://www.wikidata.org/entity/Q118847776
tt23630030,Q127510067,Harbin,,,,http://www.wikidata.org/entity/Q127510067
tt2380307,Q5815826,Coco,,,,http://www.wikidata.org/entity/Q5815826
tt2381991,Q18485021,The Huntsman: Winter's War,,,,http://www.wikidata.org/entity/Q18485021
tt2382320,Q21534241,No Time to Die,,,,http://www.wikidata.org/entity/Q21534241
tt2386490,Q22970530,How to Train Your Dragon: The Hidden World,,,,http://www.wikidata.org/entity/Q22970530
tt23871504,Q114767372,The Night Owl,,,,http://www.wikidata.org/entity/Q114767372
tt2397461,Q65931068,Clifford the Big Red Dog,,,,http://www.wikidata.org/entity/Q65931068
tt2398241,Q15985075,Smurfs: The Lost Village,,,,http://www.wikidata.org/entity/Q15985075
tt2401825,Q44837662,Forever Young,,,,http://www.wikidata.org/entity/Q44837662
tt2404435,Q19983487,The Magnificent Seven,,,,http://www.wikidata.org/entity/Q19983487
tt2406566,Q21528112,Atomic Blonde,,,,http://www.wikidata.org/entity/Q21528112
tt24218194,Q120514821,The Wizard of the Emerald City,,,,http://www.wikidata.org/entity/Q120514821
tt2452150,Q79327081,Respect,,,,http://www.wikidata.org/entity/Q79327081
tt2458948,Q6434144,Evangelion: 3.0+1.0 Thrice Upon a Time,,,,http://www.wikidata.org/entity/Q6434144
tt24807190,Q118958535,BTS: Yet to Come in Cinemas,,,,http://www.wikidata.org/entity/Q118958535
tt24950660,Q126203157,Eternity,,,,http://www.wikidata.org/entity/Q126203157
tt2527336,Q18486021,Star Wars: Episode VIII – The Last Jedi,,,,http://www.wikidata.org/entity/Q18486021
tt2527338,Q20977110,Star Wars: Episode IX – The Rise of Skywalker,,,,http://www.wikidata.org/entity/Q20977110
tt2531344,Q30314776,Blockers,,,,http://www.wikidata.org/entity/Q30314776
tt2543164,Q20382729,Arrival,,,,http://www.wikidata.org/entity/Q20382729
tt2543472,Q27958394,Wonder,,,,http://www.wikidata.org/entity/Q27958394
tt25434854,Q116547876,Deep Sea,,,,http://www.wikidata.org/entity/Q116547876
tt2557478,Q27826501,Pacific Rim: Uprising,,,,http://www.wikidata.org/entity/Q27826501
tt2567026,Q17485699,Alice Through the Looking Glass,,,,http://www.wikidata.org/entity/Q17485699
tt2568862,Q20762674,Going in Style,,,,http://www.wikidata.org/entity/Q20762674
tt2584384,Q54862508,Jojo Rabbit,,,,http://www.wikidata.org/entity/Q54862508
tt2592614,Q12049257,Resident Evil: The Final Chapter,,,,http://www.wikidata.org/entity/Q12049257
tt25981462,Q116173332,Boonie Bears: Guardian Code,,,,http://www.wikidata.org/entity/Q116173332
tt26047818,Q118405167,Anyone but You,,,,http://www.wikidata.org/entity/Q118405167
tt26342662,Q116258185,M3GAN 2.0,,,,http://www.wikidata.org/entity/Q116258185
tt2638144,Q18785102,Ben-Hur,,,,http://www.wikidata.org/entity/Q18785102
tt26443597,Q116764712,Zootopia 2,,,,http://www.wikidata.org/entity/Q116764712
tt26446278,Q119998666,The Count of Monte Cristo,,,,http://www.wikidata.org/entity/Q119998666
tt26537229,Q111915590,Demon Slayer: Kimetsu no Yaiba – To the Swordsmith Village,,,,http://www.wikidata.org/entity/Q111915590
tt26581740,Q126487478,Weapons,,,,http://www.wikidata.org/entity/Q126487478
tt26584495,Q125933907,Companion,,,,http://www.wikidata.org/entity/Q125933907
tt2660888,Q15929448,Star Trek Beyond,,,,http://www.wikidata.org/entity/Q15929448
tt26658104,Q120986976,Imaginary,,,,http://www.wikidata.org/entity/Q120986976
tt26684398,Q117305646,Spy x Family Code: White,,,,http://www.wikidata.org/entity/Q117305646
tt26731216,Q124337175,The Forge,,,,http://www.wikidata.org/entity/Q124337175
tt26736843,Q121547814,The Watchers,,,,http://www.wikidata.org/entity/Q121547814
tt26743210,Q118904382,How to Train Your Dragon,,,,http://www.wikidata.org/entity/Q118904382
tt2674426,Q20735644,Me Before You,,,,http://www.wikidata.org/entity/Q20735644
tt26753003,Q124077893,Trap,,,,http://www.wikidata.org/entity/Q124077893
tt26935962,Q123291056,Godspeed,,,,http://www.wikidata.org/entity/Q123291056
tt2702724,Q19204752,The Boss,,,,http://www.wikidata.org/entity/Q19204752
tt2704998,Q30011713,Game Night,,,,http://www.wikidata.org/entity/Q30011713
tt2709692,Q15632949,The Grinch,,,,http://www.wikidata.org/entity/Q15632949
tt2709768,Q18844656,The Secret Life of Pets,,,,http://www.wikidata.org/entity/Q18844656
tt27131358,Q117425181,We Live in Time,,,,http://www.wikidata.org/entity/Q117425181
tt27155038,Q117188308,"Ruby Gillman, Teenage Kraken",,,,http://www.wikidata.org/entity/Q117188308
tt27192829,Q132153509,Cells at Work!,,,,http://www.wikidata.org/entity/Q132153509
tt27489557,Q120758628,Abigail,,,,http://www.wikidata.org/entity/Q120758628
tt27490099,Q118567428,Beating Hearts,,,,http://www.wikidata.org/entity/Q118567428
tt27521477,Q115182766,Detective Conan: Black Iron Submarine,,,,http://www.wikidata.org/entity/Q115182766
tt27534307,Q119064873,Speak No Evil,,,,http://www.wikidata.org/entity/Q119064873
tt27543632,Q131630491,The Housemaid,,,,http://www.wikidata.org/entity/Q131630491
tt2771200,Q19946102,Beauty and the Beast,,,,http://www.wikidata.org/entity/Q19946102
tt27714946,Q124841936,The Monkey,,,,http://www.wikidata.org/entity/Q124841936
tt27802490,Q117322466,Exhuma,,,,http://www.wikidata.org/entity/Q117322466
tt27811040,Q115283311,The Roundup: Punishment,,,,http://www.wikidata.org/entity/Q115283311
tt2788732,Q18786473,Pete's Dragon,,,,http://www.wikidata.org/entity/Q18786473
tt27911000,Q119821866,Terrifier 3,,,,http://www.wikidata.org/entity/Q119821866
tt27922369,Q130215305,Johnny Keep Walking!,,,,http://www.wikidata.org/entity/Q130215305
tt27922374,Q120725405,Chang'an,,,,http://www.wikidata.org/entity/Q120725405
tt28015403,Q122933268,Heretic,,,,http://www.wikidata.org/entity/Q122933268
tt28076784,Q121438250,No More Bets,,,,http://www.wikidata.org/entity/Q121438250
tt28151876,Q124487214,YOLO,,,,http://www.wikidata.org/entity/Q124487214
tt28151876,Q124487214,YOLO,,,,http://www.wikidata.org/entity/Q124487214
tt2823054,Q20022639,Mike and Dave Need Wedding Dates,,,,http://www.wikidata.org/entity/Q20022639
tt28258332,Q124570438,Article 20,,,,http://www.wikidata.org/entity/Q124570438
tt2850386,Q24832743,The Croods: A New Age,,,,http://www.wikidata.org/entity/Q24832743
tt2854926,Q30612098,Tag,,,,http://www.wikidata.org/entity/Q30612098
tt28607951,Q123185887,Anora,,,,http://www.wikidata.org/entity/Q123185887
tt2872518,Q20649898,The Shack,,,,http://www.wikidata.org/entity/Q20649898
tt2873282,Q28173075,Red Sparrow,,,,http://www.wikidata.org/entity/Q28173075
tt28814949,Q122160859,Taylor Swift: The Eras Tour,,,,http://www.wikidata.org/entity/Q122160859
tt28996126,Q126682448,Nobody 2,,,,http://www.wikidata.org/entity/Q126682448
tt2906216,Q105554572,Dungeons & Dragons: Honor Among Thieves,,,,http://www.wikidata.org/entity/Q105554572
tt29261987,Q124023439,Cheburashka 2,,,,http://www.wikidata.org/entity/Q124023439
tt29268110,Q123472063,Smile 2,,,,http://www.wikidata.org/entity/Q123472063
tt2932536,Q23709802,47 Meters Down,,,,http://www.wikidata.org/entity/Q23709802
tt2935510,Q38774788,Ad Astra,,,,http://www.wikidata.org/entity/Q38774788
tt29402528,Q120379797,Doraemon: Nobita's Earth Symphony,,,,http://www.wikidata.org/entity/Q120379797
tt2948356,Q15270647,Zootopia,,,,http://www.wikidata.org/entity/Q15270647
tt2948372,Q64744044,Soul,,,,http://www.wikidata.org/entity/Q64744044
tt2953050,Q103372692,Encanto,,,,http://www.wikidata.org/entity/Q103372692
tt29567915,Q124393313,Nuremberg,,,,http://www.wikidata.org/entity/Q124393313
tt29603959,Q124707042,Novocaine,,,,http://www.wikidata.org/entity/Q124707042
tt29623480,Q124378349,The Wild Robot,,,,http://www.wikidata.org/entity/Q124378349
tt29632994,Q124650330,Boonie Bears: Time Twist,,,,http://www.wikidata.org/entity/Q124650330
tt29644189,Q124435493,Black Phone 2,,,,http://www.wikidata.org/entity/Q124435493
tt2975590,Q14772351,Batman v Superman: Dawn of Justice,,,,http://www.wikidata.org/entity/Q14772351
tt30017619,Q125363929,The Bad Guys 2,,,,http://www.wikidata.org/entity/Q125363929
tt30057084,Q123861757,Babygirl,,,,http://www.wikidata.org/entity/Q123861757
tt3014284,Q22131901,The Lego Ninjago Movie,,,,http://www.wikidata.org/entity/Q22131901
tt30144839,Q117085614,One Battle After Another,,,,http://www.wikidata.org/entity/Q117085614
tt30253473,Q125726790,Materialists,,,,http://www.wikidata.org/entity/Q125726790
tt30274401,Q124216482,Five Nights at Freddy's 2,,,,http://www.wikidata.org/entity/Q124216482
tt30287778,Q119680224,"I, The Executioner",,,,http://www.wikidata.org/entity/Q119680224
tt30343021,Q130532687,Song Sung Blue,,,,http://www.wikidata.org/entity/Q130532687
tt30395619,Q124338554,Demon Slayer: Kimetsu no Yaiba – To the Hashira Training,,,,http://www.wikidata.org/entity/Q124338554
tt3040964,Q16857406,The Jungle Book,,,,http://www.wikidata.org/entity/Q16857406
tt30472557,Q123906765,Chainsaw Man - The Movie: Reze Arc,,,,http://www.wikidata.org/entity/Q123906765
tt30476486,Q123354229,Haikyu!! The Dumpster Battle,,,,http://www.wikidata.org/entity/Q123354229
tt3062096,Q18192306,Inferno,,,,http://www.wikidata.org/entity/Q18192306
tt3065204,Q21001651,The Conjuring 2,,,,http://www.wikidata.org/entity/Q21001651
tt30795948,Q125027720,Un p'tit truc en plus,,,,http://www.wikidata.org/entity/Q125027720
tt30829309,Q124326642,Pegasus 2,,,,http://www.wikidata.org/entity/Q124326642
tt30829309,Q124326642,Pegasus 2,,,,http://www.wikidata.org/entity/Q124326642
tt30840798,Q124758337,The Phoenician Scheme,,,,http://www.wikidata.org/entity/Q124758337
tt30955489,Q128602012,Until Dawn,,,,http://www.wikidata.org/entity/Q128602012
tt30972054,Q128708059,Manitou's Canoe,,,,http://www.wikidata.org/entity/Q128708059
tt30988739,Q124373035,Black Bag,,,,http://www.wikidata.org/entity/Q124373035
tt31036941,Q124380480,Jurassic World Rebirth,,,,http://www.wikidata.org/entity/Q124380480
tt3104988,Q29588623,Crazy Rich Asians,,,,http://www.wikidata.org/entity/Q29588623
tt3110958,Q18703028,Now You See Me 2,,,,http://www.wikidata.org/entity/Q18703028
tt31184028,Q131870558,Together,,,,http://www.wikidata.org/entity/Q131870558
tt31193180,Q125473145,Sinners,,,,http://www.wikidata.org/entity/Q125473145
tt31227572,Q126396314,Predator: Badlands,,,,http://www.wikidata.org/entity/Q126396314
tt31434030,Q125187519,Dracula: A Love Tale,,,,http://www.wikidata.org/entity/Q125187519
tt31434639,Q125217247,Warfare,,,,http://www.wikidata.org/entity/Q125217247
tt31457736,Q127388606,Kingdom 4: Return of the Great General,,,,http://www.wikidata.org/entity/Q127388606
tt31474158,Q123354230,Detective Conan: The Million-dollar Pentagram,,,,http://www.wikidata.org/entity/Q123354230
tt3152592,Q23999279,Scoob!,,,,http://www.wikidata.org/entity/Q23999279
tt3183660,Q18199330,Fantastic Beasts and Where to Find Them,,,,http://www.wikidata.org/entity/Q18199330
tt31859966,Q124969761,The Floor Plan,,,,http://www.wikidata.org/entity/Q124969761
tt31888477,Q126164193,Downton Abbey: The Grand Finale,,,,http://www.wikidata.org/entity/Q126164193
tt31923069,Q125401070,Springsteen: Deliver Me from Nowhere,,,,http://www.wikidata.org/entity/Q125401070
tt31956415,Q126897811,Freakier Friday,,,,http://www.wikidata.org/entity/Q126897811
tt31973693,Q126810973,The Roses,,,,http://www.wikidata.org/entity/Q126810973
tt32019321,Q136399995,Fredonia: The Movie,,,,http://www.wikidata.org/entity/Q136399995
tt32063050,Q124706420,Bridget Jones: Mad About the Boy,,,,http://www.wikidata.org/entity/Q124706420
tt32175399,Q123354224,Pilot,,,,http://www.wikidata.org/entity/Q123354224
tt32176689,Q124388041,My Hero Academia: You're Next,,,,http://www.wikidata.org/entity/Q124388041
tt32214143,Q126414863,Gabby's Dollhouse: The Movie,,,,http://www.wikidata.org/entity/Q126414863
tt32221196,Q130341202,One of Them Days,,,,http://www.wikidata.org/entity/Q130341202
tt3224458,Q56703347,A Beautiful Day in the Neighborhood,,,,http://www.wikidata.org/entity/Q56703347
tt32246771,Q127602379,Bring Her Back,,,,http://www.wikidata.org/entity/Q127602379
tt3228774,Q24284363,Cruella,,,,http://www.wikidata.org/entity/Q24284363
tt32553390,Q126943018,A Place Called Silence,,,,http://www.wikidata.org/entity/Q126943018
tt32558992,Q127163221,Heart Eyes,,,,http://www.wikidata.org/entity/Q127163221
tt32613601,Q126942991,Successor,,,,http://www.wikidata.org/entity/Q126942991
tt32613601,Q126942991,Successor,,,,http://www.wikidata.org/entity/Q126942991
tt3263904,Q21062112,Sully,,,,http://www.wikidata.org/entity/Q21062112
tt3281548,Q56881140,Little Women,,,,http://www.wikidata.org/entity/Q56881140
tt32820897,Q126948105,Demon Slayer: Kimetsu no Yaiba – Infinity Castle,,,,http://www.wikidata.org/entity/Q126948105
tt32843258,Q130397306,The Volunteers: To the War 2,,,,http://www.wikidata.org/entity/Q130397306
tt32916440,Q130118681,Marty Supreme,,,,http://www.wikidata.org/entity/Q130118681
tt3300542,Q18350210,London Has Fallen,,,,http://www.wikidata.org/entity/Q18350210
tt33014583,Q135230927,Dhurandhar,,,,http://www.wikidata.org/entity/Q135230927
tt33028976,Q135654787,Evil Unbound,,,,http://www.wikidata.org/entity/Q135654787
tt33088452,Q132816896,Regretting You,,,,http://www.wikidata.org/entity/Q132816896
tt3315342,Q24053263,Logan,,,,http://www.wikidata.org/entity/Q24053263
tt33244668,Q131549006,Anaconda,,,,http://www.wikidata.org/entity/Q131549006
tt3348730,Q15712110,Jigsaw,,,,http://www.wikidata.org/entity/Q15712110
tt33512868,Q130370147,Doraemon: Nobita's Art World Tales,,,,http://www.wikidata.org/entity/Q130370147
tt3371366,Q24251026,Transformers: The Last Knight,,,,http://www.wikidata.org/entity/Q24251026
tt3385516,Q17042878,X-Men: Apocalypse,,,,http://www.wikidata.org/entity/Q17042878
tt3387520,Q56274092,Scary Stories to Tell in the Dark,,,,http://www.wikidata.org/entity/Q56274092
tt3393786,Q21168538,Jack Reacher: Never Go Back,,,,http://www.wikidata.org/entity/Q21168538
tt3402138,Q125908027,The Naked Gun,,,,http://www.wikidata.org/entity/Q125908027
tt3402236,Q27689100,Murder on the Orient Express,,,,http://www.wikidata.org/entity/Q27689100
tt3410834,Q19648591,The Divergent Series: Allegiant,,,,http://www.wikidata.org/entity/Q19648591
tt3411444,Q18740903,Ferdinand,,,,http://www.wikidata.org/entity/Q18740903
tt3416828,Q15965953,Ice Age: Collision Course,,,,http://www.wikidata.org/entity/Q15965953
tt3427252,Q111530175,The Boogeyman,,,,http://www.wikidata.org/entity/Q111530175
tt34463310,Q131522509,Detective Chinatown 1900,,,,http://www.wikidata.org/entity/Q131522509
tt3447590,Q111950437,Matilda,,,,http://www.wikidata.org/entity/Q111950437
tt3450958,Q19938437,War for the Planet of the Apes,,,,http://www.wikidata.org/entity/Q19938437
tt3469046,Q22997984,Despicable Me 3,,,,http://www.wikidata.org/entity/Q22997984
tt3470600,Q20762698,Sing,,,,http://www.wikidata.org/entity/Q20762698
tt3480822,Q23894626,Black Widow,,,,http://www.wikidata.org/entity/Q23894626
tt3486626,Q22000483,The Nut Job 2: Nutty by Nature,,,,http://www.wikidata.org/entity/Q22000483
tt34956443,Q131937861,Ne Zha 2,,,,http://www.wikidata.org/entity/Q131937861
tt3498820,Q18407657,Captain America: Civil War,,,,http://www.wikidata.org/entity/Q18407657
tt3501632,Q22665878,Thor: Ragnarok,,,,http://www.wikidata.org/entity/Q22665878
tt3513498,Q23796643,The LEGO Movie 2: The Second Part,,,,http://www.wikidata.org/entity/Q23796643
tt3521164,Q18647981,Moana,,,,http://www.wikidata.org/entity/Q18647981
tt35222590,Q134480207,Exit 8,,,,http://www.wikidata.org/entity/Q134480207
tt3522806,Q18552037,Mechanic: Resurrection,,,,http://www.wikidata.org/entity/Q18552037
tt35231039,Q134906322,Kokuho,,,,http://www.wikidata.org/entity/Q134906322
tt3531824,Q19865410,Nerve,,,,http://www.wikidata.org/entity/Q19865410
tt3532216,Q18811617,American Made,,,,http://www.wikidata.org/entity/Q18811617
tt35444710,Q131358956,Detective Conan: One-Eyed Flashback,,,,http://www.wikidata.org/entity/Q131358956
tt3554046,Q56850065,Space Jam: A New Legacy,,,,http://www.wikidata.org/entity/Q56850065
tt3564472,Q25631071,Girls Trip,,,,http://www.wikidata.org/entity/Q25631071
tt3566834,Q40083273,A Minecraft Movie,,,,http://www.wikidata.org/entity/Q40083273
tt3581652,Q63643994,West Side Story,,,,http://www.wikidata.org/entity/Q63643994
tt3606752,Q21079862,Cars 3,,,,http://www.wikidata.org/entity/Q21079862
tt3606756,Q24832112,Incredibles 2,,,,http://www.wikidata.org/entity/Q24832112
tt3631112,Q21433535,The Girl on the Train,,,,http://www.wikidata.org/entity/Q21433535
tt3640424,Q23681360,Allied,,,,http://www.wikidata.org/entity/Q23681360
tt36553678,Q135110499,My Daughter Is a Zombie,,,,http://www.wikidata.org/entity/Q135110499
tt36598036,Q135110330,Dead To Rights,,,,http://www.wikidata.org/entity/Q135110330
tt3691740,Q19689203,The BFG,,,,http://www.wikidata.org/entity/Q19689203
tt3704428,Q84362533,Elvis,,,,http://www.wikidata.org/entity/Q84362533
tt3717252,Q21130624,Underworld: Blood Wars,,,,http://www.wikidata.org/entity/Q21130624
tt3717490,Q21648810,Power Rangers,,,,http://www.wikidata.org/entity/Q21648810
tt3731562,Q21203766,Kong: Skull Island,,,,http://www.wikidata.org/entity/Q21203766
tt3741700,Q17501972,Godzilla: King of the Monsters,,,,http://www.wikidata.org/entity/Q17501972
tt3741834,Q23013699,Lion,,,,http://www.wikidata.org/entity/Q23013699
tt3748528,Q19590955,Rogue One: A Star Wars Story,,,,http://www.wikidata.org/entity/Q19590955
tt3760922,Q20022643,My Big Fat Greek Wedding 2,,,,http://www.wikidata.org/entity/Q20022643
tt3766354,Q41493467,The Equalizer 2,,,,http://www.wikidata.org/entity/Q41493467
tt3778644,Q27038847,Solo: A Star Wars Story,,,,http://www.wikidata.org/entity/Q27038847
tt3783958,Q20856802,La La Land,,,,http://www.wikidata.org/entity/Q20856802
tt3794354,Q29906232,Sonic the Hedgehog,,,,http://www.wikidata.org/entity/Q29906232
tt3811906,Q68549841,Malignant,,,,http://www.wikidata.org/entity/Q68549841
tt38121182,Q136436677,Jujutsu Kaisen: Execution,,,,http://www.wikidata.org/entity/Q136436677
tt3829266,Q25461297,The Predator,,,,http://www.wikidata.org/entity/Q25461297
tt38350059,Q137211198,Buen Camino,,,,http://www.wikidata.org/entity/Q137211198
tt38367304,Q136463002,Taylor Swift: The Official Release Party of a Showgirl,,,,http://www.wikidata.org/entity/Q136463002
tt3861390,Q24284798,Dumbo,,,,http://www.wikidata.org/entity/Q24284798
tt3874544,Q18619153,The Boss Baby,,,,http://www.wikidata.org/entity/Q18619153
tt3890160,Q23016644,Baby Driver,,,,http://www.wikidata.org/entity/Q23016644
tt3896198,Q20001199,Guardians of the Galaxy Vol. 2,,,,http://www.wikidata.org/entity/Q20001199
tt3915174,Q31271384,Puss in Boots: The Last Wish,,,,http://www.wikidata.org/entity/Q31271384
tt3949660,Q19842746,Teenage Mutant Ninja Turtles: Out of the Shadows,,,,http://www.wikidata.org/entity/Q19842746
tt4034228,Q19864603,Manchester by the Sea,,,,http://www.wikidata.org/entity/Q19864603
tt4045450,Q130368011,I Know What You Did Last Summer,,,,http://www.wikidata.org/entity/Q130368011
tt4052882,Q21450484,The Shallows,,,,http://www.wikidata.org/entity/Q21450484
tt4094724,Q20724304,The Purge: Election Year,,,,http://www.wikidata.org/entity/Q20724304
tt4116284,Q23013169,The LEGO Batman Movie,,,,http://www.wikidata.org/entity/Q23013169
tt4123430,Q18199331,Fantastic Beasts: The Crimes of Grindelwald,,,,http://www.wikidata.org/entity/Q18199331
tt4123432,Q18199332,Fantastic Beasts: The Secrets of Dumbledore,,,,http://www.wikidata.org/entity/Q18199332
tt4126476,Q55815471,After,,,,http://www.wikidata.org/entity/Q55815471
tt4154664,Q23781129,Captain Marvel,,,,http://www.wikidata.org/entity/Q23781129
tt4154756,Q23780914,Avengers: Infinity War,,,,http://www.wikidata.org/entity/Q23780914
tt4154796,Q23781155,Avengers: Endgame,,,,http://www.wikidata.org/entity/Q23781155
tt4160708,Q21450470,Don't Breathe,,,,http://www.wikidata.org/entity/Q21450470
tt4196776,Q19481099,Jason Bourne,,,,http://www.wikidata.org/entity/Q19481099
tt4216984,Q111464581,Wolf Man,,,,http://www.wikidata.org/entity/Q111464581
tt4217392,Q19961444,Kung Fu Yoga,,,,http://www.wikidata.org/entity/Q19961444
tt4218572,Q29163736,Widows,,,,http://www.wikidata.org/entity/Q29163736
tt4244994,Q85000980,The Last Duel,,,,http://www.wikidata.org/entity/Q85000980
tt4244998,Q23899903,Alpha,,,,http://www.wikidata.org/entity/Q23899903
tt4262980,Q20899737,Shin Godzilla,,,,http://www.wikidata.org/entity/Q20899737
tt4302938,Q18786471,Kubo and the Two Strings,,,,http://www.wikidata.org/entity/Q18786471
tt4361050,Q20979348,Ouija: Origin of Evil,,,,http://www.wikidata.org/entity/Q20979348
tt4425200,Q21451640,John Wick: Chapter 2,,,,http://www.wikidata.org/entity/Q21451640
tt4428398,Q21450513,Paws of Fury: The Legend of Hank,,,,http://www.wikidata.org/entity/Q21450513
tt4438848,Q20899742,Neighbors 2,,,,http://www.wikidata.org/entity/Q20899742
tt4465564,Q22662385,Fifty Shades Darker,,,,http://www.wikidata.org/entity/Q22662385
tt4468740,Q27590871,Paddington 2,,,,http://www.wikidata.org/entity/Q27590871
tt4477536,Q22712210,Fifty Shades Freed,,,,http://www.wikidata.org/entity/Q22712210
tt4495098,Q112909147,Gran Turismo,,,,http://www.wikidata.org/entity/Q112909147
tt4500922,Q23068002,Maze Runner: The Death Cure,,,,http://www.wikidata.org/entity/Q23068002
tt4501244,Q23058779,Why Him?,,,,http://www.wikidata.org/entity/Q23058779
tt4513678,Q61883088,Ghostbusters: Afterlife,,,,http://www.wikidata.org/entity/Q61883088
tt4520988,Q24733929,Frozen 2,,,,http://www.wikidata.org/entity/Q24733929
tt4532038,Q25999873,The War with Grandpa,,,,http://www.wikidata.org/entity/Q25999873
tt4532826,Q28811584,Robin Hood,,,,http://www.wikidata.org/entity/Q28811584
tt4555426,Q27958298,Darkest Hour,,,,http://www.wikidata.org/entity/Q27958298
tt4566758,Q24284283,Mulan,,,,http://www.wikidata.org/entity/Q24284283
tt4575576,Q24301991,Christopher Robin,,,,http://www.wikidata.org/entity/Q24301991
tt4587656,Q28173261,The Star,,,,http://www.wikidata.org/entity/Q28173261
tt4589218,Q21512706,Five Nights at Freddy's,,,,http://www.wikidata.org/entity/Q21512706
tt4591310,Q18786472,The Monkey King 2,,,,http://www.wikidata.org/entity/Q18786472
tt4624424,Q21450480,Storks,,,,http://www.wikidata.org/entity/Q21450480
tt4627382,Q130742503,Roofman,,,,http://www.wikidata.org/entity/Q130742503
tt4630562,Q19829521,The Fate of the Furious,,,,http://www.wikidata.org/entity/Q19829521
tt4633694,Q29588607,Spider-Man: Into the Spider-Verse,,,,http://www.wikidata.org/entity/Q29588607
tt4649466,Q23780457,Kingsman: The Golden Circle,,,,http://www.wikidata.org/entity/Q23780457
tt4651520,Q22074948,Bad Moms,,,,http://www.wikidata.org/entity/Q22074948
tt4682266,Q28912376,The New Mutants,,,,http://www.wikidata.org/entity/Q28912376
tt4682786,Q22977777,Collateral Beauty,,,,http://www.wikidata.org/entity/Q22977777
tt4687848,Q24278862,Railroad Tigers,,,,http://www.wikidata.org/entity/Q24278862
tt4701182,Q34220038,Bumblebee,,,,http://www.wikidata.org/entity/Q34220038
tt4701660,Q21834546,The Mermaid,,,,http://www.wikidata.org/entity/Q21834546
tt4712810,Q65146722,Now You See Me: Now You Don't,,,,http://www.wikidata.org/entity/Q65146722
tt4765284,Q22100117,Pitch Perfect 3,,,,http://www.wikidata.org/entity/Q22100117
tt4772188,Q125622088,Flow,,,,http://www.wikidata.org/entity/Q125622088
tt4777008,Q54437950,Maleficent: Mistress of Evil,,,,http://www.wikidata.org/entity/Q54437950
tt4779682,Q27957869,The Meg,,,,http://www.wikidata.org/entity/Q27957869
tt4786282,Q20649307,Lights Out,,,,http://www.wikidata.org/entity/Q20649307
tt4795124,Q28101360,How to Be a Latin Lover,,,,http://www.wikidata.org/entity/Q28101360
tt4832640,Q20762695,Sultan,,,,http://www.wikidata.org/entity/Q20762695
tt4846340,Q23755544,Hidden Figures,,,,http://www.wikidata.org/entity/Q23755544
tt4849438,Q21001674,Baahubali 2: The Conclusion,,,,http://www.wikidata.org/entity/Q21001674
tt4877122,Q23999306,The Emoji Movie,,,,http://www.wikidata.org/entity/Q23999306
tt4881806,Q21877685,Jurassic World: Fallen Kingdom,,,,http://www.wikidata.org/entity/Q21877685
tt4900148,Q113879962,Elio,,,,http://www.wikidata.org/entity/Q113879962
tt4912910,Q29261993,Mission: Impossible – Fallout,,,,http://www.wikidata.org/entity/Q29261993
tt4913966,Q48674258,The Curse of La Llorona,,,,http://www.wikidata.org/entity/Q48674258
tt4919268,Q31271357,Bad Boys: Ride or Die,,,,http://www.wikidata.org/entity/Q31271357
tt4919268,Q31271357,Bad Boys: Ride or Die,,,,http://www.wikidata.org/entity/Q31271357
tt4925292,Q27480769,Lady Bird,,,,http://www.wikidata.org/entity/Q27480769
tt4960242,Q24648382,Book of Love,,,,http://www.wikidata.org/entity/Q24648382
tt4972582,Q21869840,Split,,,,http://www.wikidata.org/entity/Q21869840
tt4978420,Q106329715,Borderlands,,,,http://www.wikidata.org/entity/Q106329715
tt4998632,Q105095144,Ambulance,,,,http://www.wikidata.org/entity/Q105095144
tt5001718,Q27964442,"Everything, Everything",,,,http://www.wikidata.org/entity/Q27964442
tt5013056,Q21935651,Dunkirk,,,,http://www.wikidata.org/entity/Q21935651
tt5027774,Q24053277,"Three Billboards Outside Ebbing, Missouri",,,,http://www.wikidata.org/entity/Q24053277
tt5028340,Q24272881,Mary Poppins Returns,,,,http://www.wikidata.org/entity/Q24272881
tt5033998,Q55815650,Charlie's Angels,,,,http://www.wikidata.org/entity/Q55815650
tt5034838,Q56307503,Godzilla vs. Kong,,,,http://www.wikidata.org/entity/Q56307503
tt5040012,Q116361132,Nosferatu,,,,http://www.wikidata.org/entity/Q116361132
tt5052448,Q25136235,Get Out,,,,http://www.wikidata.org/entity/Q25136235
tt5052474,Q27921157,Sicario: Day of the Soldado,,,,http://www.wikidata.org/entity/Q27921157
tt5074352,Q20762668,Dangal,,,,http://www.wikidata.org/entity/Q20762668
tt5083738,Q22001133,The Favourite,,,,http://www.wikidata.org/entity/Q22001133
tt5090568,Q107174193,Transformers: Rise of the Beasts,,,,http://www.wikidata.org/entity/Q107174193
tt5095030,Q22957393,Ant-Man and the Wasp,,,,http://www.wikidata.org/entity/Q22957393
tt5108870,Q55405369,Morbius,,,,http://www.wikidata.org/entity/Q55405369
tt5109280,Q66738105,Raya and the Last Dragon,,,,http://www.wikidata.org/entity/Q66738105
tt5112622,Q24731518,Cold War 2,,,,http://www.wikidata.org/entity/Q24731518
tt5113040,Q28561715,The Secret Life of Pets 2,,,,http://www.wikidata.org/entity/Q28561715
tt5113044,Q60997779,Minions: The Rise of Gru,,,,http://www.wikidata.org/entity/Q60997779
tt5117670,Q27964337,Peter Rabbit,,,,http://www.wikidata.org/entity/Q27964337
tt5140878,Q21511509,Annabelle: Creation,,,,http://www.wikidata.org/entity/Q21511509
tt5151570,Q104871482,Mrs. Harris Goes to Paris,,,,http://www.wikidata.org/entity/Q104871482
tt5164214,Q25627545,Ocean's 8,,,,http://www.wikidata.org/entity/Q25627545
tt5220122,Q28840385,Hotel Transylvania 3: Summer Vacation,,,,http://www.wikidata.org/entity/Q28840385
tt5237980,Q21015106,From Vegas to Macau III,,,,http://www.wikidata.org/entity/Q21015106
tt5273624,Q21450514,Journey to the West: The Demons Strike Back,,,,http://www.wikidata.org/entity/Q21450514
tt5290524,Q21915467,Quo vado?,,,,http://www.wikidata.org/entity/Q21915467
tt5308322,Q29514884,Happy Death Day,,,,http://www.wikidata.org/entity/Q29514884
tt5311514,Q21697406,Your Name,,,,http://www.wikidata.org/entity/Q21697406
tt5354664,Q24278848,Time Raiders,,,,http://www.wikidata.org/entity/Q24278848
tt5433138,Q29466808,F9,,,,http://www.wikidata.org/entity/Q29466808
tt5433140,Q31271369,Fast X,,,,http://www.wikidata.org/entity/Q31271369
tt5442430,Q26465665,Life,,,,http://www.wikidata.org/entity/Q26465665
tt5463162,Q25431158,Deadpool 2,,,,http://www.wikidata.org/entity/Q25431158
tt5503686,Q61951916,Hustlers,,,,http://www.wikidata.org/entity/Q61951916
tt5523010,Q24290097,The Nutcracker and the Four Realms,,,,http://www.wikidata.org/entity/Q24290097
tt5537002,Q66316924,Killers of the Flower Moon,,,,http://www.wikidata.org/entity/Q66316924
tt5580390,Q26698156,The Shape of Water,,,,http://www.wikidata.org/entity/Q26698156
tt5606664,Q56881169,Doctor Sleep,,,,http://www.wikidata.org/entity/Q56881169
tt5657846,Q28975643,Daddy's Home 2,,,,http://www.wikidata.org/entity/Q28975643
tt5664636,Q51867653,Goosebumps 2: Haunted Halloween,,,,http://www.wikidata.org/entity/Q51867653
tt5672290,Q117842576,The First Omen,,,,http://www.wikidata.org/entity/Q117842576
tt5692622,Q27918415,Detective Conan: Crimson Love Letter,,,,http://www.wikidata.org/entity/Q27918415
tt5697572,Q58701890,Cats,,,,http://www.wikidata.org/entity/Q58701890
tt5700672,Q20948236,Train to Busan,,,,http://www.wikidata.org/entity/Q20948236
tt5719748,Q28912877,Cold Pursuit,,,,http://www.wikidata.org/entity/Q28912877
tt5726086,Q27590064,Insidious: The Last Key,,,,http://www.wikidata.org/entity/Q27590064
tt5758778,Q37447062,Skyscraper,,,,http://www.wikidata.org/entity/Q37447062
tt5774060,Q33105130,Underwater,,,,http://www.wikidata.org/entity/Q33105130
tt5779228,Q113547547,The Garfield Movie,,,,http://www.wikidata.org/entity/Q113547547
tt5814060,Q29841731,The Nun,,,,http://www.wikidata.org/entity/Q29841731
tt5814534,Q31271382,Spies in Disguise,,,,http://www.wikidata.org/entity/Q31271382
tt5816682,Q27701609,Victoria and Abdul,,,,http://www.wikidata.org/entity/Q27701609
tt5822536,Q121076570,Paddington in Peru,,,,http://www.wikidata.org/entity/Q121076570
tt5834426,Q101440388,Moonfall,,,,http://www.wikidata.org/entity/Q101440388
tt5848272,Q25167044,Ralph Breaks the Internet,,,,http://www.wikidata.org/entity/Q25167044
tt5884052,Q47492499,Detective Pikachu,,,,http://www.wikidata.org/entity/Q47492499
tt5884796,Q108131599,Plane,,,,http://www.wikidata.org/entity/Q108131599
tt5886046,Q48672477,Escape Room,,,,http://www.wikidata.org/entity/Q48672477
tt5896962,Q22774030,Line Walker,,,,http://www.wikidata.org/entity/Q22774030
tt5912470,Q25893643,Doraemon the Movie 2017: Great Adventure in the Antarctic Kachi Kochi,,,,http://www.wikidata.org/entity/Q25893643
tt5950044,Q116547790,Superman,,,,http://www.wikidata.org/entity/Q116547790
tt5956100,Q28753302,Tiger Zinda Hai,,,,http://www.wikidata.org/entity/Q28753302
tt5971474,Q24357415,The Little Mermaid,,,,http://www.wikidata.org/entity/Q24357415
tt6015328,Q19572469,Chasing the Dragon,,,,http://www.wikidata.org/entity/Q19572469
tt6044910,Q21152160,Operation Mekong,,,,http://www.wikidata.org/entity/Q21152160
tt6074202,Q26710873,I Belonged to You,,,,http://www.wikidata.org/entity/Q26710873
tt6095472,Q18722273,The Angry Birds Movie 2,,,,http://www.wikidata.org/entity/Q18722273
tt6105098,Q27044293,The Lion King,,,,http://www.wikidata.org/entity/Q27044293
tt6108090,Q28127548,Secret Superstar,,,,http://www.wikidata.org/entity/Q28127548
tt6133466,Q42048180,The First Purge,,,,http://www.wikidata.org/entity/Q42048180
tt6138688,Q27959219,Once Upon a Time,,,,http://www.wikidata.org/entity/Q27959219
tt6139732,Q27188178,Aladdin,,,,http://www.wikidata.org/entity/Q27188178
tt6146586,Q52951815,John Wick: Chapter 3 – Parabellum,,,,http://www.wikidata.org/entity/Q52951815
tt6152908,Q24278853,Buddies in India,,,,http://www.wikidata.org/entity/Q24278853
tt6157626,Q28868421,Legend of the Demon Cat,,,,http://www.wikidata.org/entity/Q28868421
tt6166392,Q108456719,Wonka,,,,http://www.wikidata.org/entity/Q108456719
tt6170484,Q27590909,Monster Hunt 2,,,,http://www.wikidata.org/entity/Q27590909
tt6182908,Q30607974,Smallfoot,,,,http://www.wikidata.org/entity/Q30607974
tt6189022,Q47484136,Angel Has Fallen,,,,http://www.wikidata.org/entity/Q47484136
tt6208148,Q27660145,Snow White,,,,http://www.wikidata.org/entity/Q27660145
tt6246322,Q100701374,Don't Breathe 2,,,,http://www.wikidata.org/entity/Q100701374
tt6263850,Q102180106,Deadpool & Wolverine,,,,http://www.wikidata.org/entity/Q102180106
tt6263850,Q102180106,Deadpool & Wolverine,,,,http://www.wikidata.org/entity/Q102180106
tt6264654,Q38685497,Free Guy,,,,http://www.wikidata.org/entity/Q38685497
tt6266538,Q39075006,Vice,,,,http://www.wikidata.org/entity/Q39075006
tt6277462,Q27957908,Brahmāstra Part One: Shiva,,,,http://www.wikidata.org/entity/Q27957908
tt6294822,Q30203425,The Post,,,,http://www.wikidata.org/entity/Q30203425
tt6320628,Q27985819,Spider-Man: Far From Home,,,,http://www.wikidata.org/entity/Q27985819
tt6324278,Q55087665,Abominable,,,,http://www.wikidata.org/entity/Q55087665
tt6334354,Q57317060,The Suicide Squad,,,,http://www.wikidata.org/entity/Q57317060
tt6343314,Q50233658,Creed II,,,,http://www.wikidata.org/entity/Q50233658
tt6359956,Q29832507,A Bad Moms Christmas,,,,http://www.wikidata.org/entity/Q29832507
tt6398184,Q55647759,Downton Abbey,,,,http://www.wikidata.org/entity/Q55647759
tt6398666,Q28224536,Some Like It Hot,,,,http://www.wikidata.org/entity/Q28224536
tt6428676,Q28869533,Wonder Park,,,,http://www.wikidata.org/entity/Q28869533
tt6439020,Q54489141,The Personal History of David Copperfield,,,,http://www.wikidata.org/entity/Q54489141
tt6443346,Q28657013,Black Adam,,,,http://www.wikidata.org/entity/Q28657013
tt6450186,Q48672822,I Can Only Imagine,,,,http://www.wikidata.org/entity/Q48672822
tt6450804,Q39072454,Terminator: Dark Fate,,,,http://www.wikidata.org/entity/Q39072454
tt6452574,Q28811017,Sanju,,,,http://www.wikidata.org/entity/Q28811017
tt6461514,Q10878601,Duckweed,,,,http://www.wikidata.org/entity/Q10878601
tt6466464,Q24831917,The Monkey King 3,,,,http://www.wikidata.org/entity/Q24831917
tt6467266,Q30933418,Sing 2,,,,http://www.wikidata.org/entity/Q30933418
tt6471264,Q28542228,Fack ju Göhte 3,,,,http://www.wikidata.org/entity/Q28542228
tt6472976,Q55080312,Five Feet Apart,,,,http://www.wikidata.org/entity/Q55080312
tt6475714,Q56906869,Monster Hunter,,,,http://www.wikidata.org/entity/Q56906869
tt6495056,Q117457809,Migration,,,,http://www.wikidata.org/entity/Q117457809
tt6513406,Q30948928,Wu Kong,,,,http://www.wikidata.org/entity/Q30948928
tt6556670,Q30728086,Serial (Bad) Weddings 2,,,,http://www.wikidata.org/entity/Q30728086
tt6565702,Q31188935,Dark Phoenix,,,,http://www.wikidata.org/entity/Q31188935
tt6587046,Q47482560,The Boy and the Heron,,,,http://www.wikidata.org/entity/Q47482560
tt6587640,Q29825830,Trolls World Tour,,,,http://www.wikidata.org/entity/Q29825830
tt6604188,Q120237363,Tron: Ares,,,,http://www.wikidata.org/entity/Q120237363
tt6644200,Q39070473,A Quiet Place,,,,http://www.wikidata.org/entity/Q39070473
tt6654316,Q28417769,Youth,,,,http://www.wikidata.org/entity/Q28417769
tt6660238,Q55163823,Crazy Alien,,,,http://www.wikidata.org/entity/Q55163823
tt6663582,Q33256094,The Spy Who Dumped Me,,,,http://www.wikidata.org/entity/Q33256094
tt6673612,Q38689704,Dolittle,,,,http://www.wikidata.org/entity/Q38689704
tt6710474,Q83808444,Everything Everywhere All at Once,,,,http://www.wikidata.org/entity/Q83808444
tt6718170,Q108671102,The Super Mario Bros. Movie,,,,http://www.wikidata.org/entity/Q108671102
tt6723592,Q63985561,Tenet,,,,http://www.wikidata.org/entity/Q63985561
tt6751668,Q61448040,Parasite,,,,http://www.wikidata.org/entity/Q61448040
tt6772950,Q30302806,Truth or Dare,,,,http://www.wikidata.org/entity/Q30302806
tt6781982,Q48672452,Night School,,,,http://www.wikidata.org/entity/Q48672452
tt6791096,Q39070972,I Feel Pretty,,,,http://www.wikidata.org/entity/Q39070972
tt6791350,Q29226331,Guardians of the Galaxy Vol. 3,,,,http://www.wikidata.org/entity/Q29226331
tt6806448,Q56559254,Hobbs & Shaw,,,,http://www.wikidata.org/entity/Q56559254
tt6823368,Q30939513,Glass,,,,http://www.wikidata.org/entity/Q30939513
tt6856242,Q61633664,The King's Man,,,,http://www.wikidata.org/entity/Q61633664
tt6857112,Q56000996,Us,,,,http://www.wikidata.org/entity/Q56000996
tt6857166,Q48672553,Book Club,,,,http://www.wikidata.org/entity/Q48672553
tt6857250,Q28419381,Boonie Bears: Entangled Worlds,,,,http://www.wikidata.org/entity/Q28419381
tt6864046,Q48927761,Shadow,,,,http://www.wikidata.org/entity/Q48927761
tt6869538,Q55609415,Detective Dee: The Four Heavenly Kings,,,,http://www.wikidata.org/entity/Q55609415
tt6878038,Q28698824,A Taxi Driver,,,,http://www.wikidata.org/entity/Q28698824
tt6878306,Q73537408,News of the World,,,,http://www.wikidata.org/entity/Q73537408
tt6878882,Q30590974,Operation Red Sea,,,,http://www.wikidata.org/entity/Q30590974
tt6911608,Q36951175,Mamma Mia! Here We Go Again,,,,http://www.wikidata.org/entity/Q36951175
tt6920084,Q101069738,Resident Evil: Welcome to Raccoon City,,,,http://www.wikidata.org/entity/Q101069738
tt6921996,Q35160593,Johnny English Strikes Again,,,,http://www.wikidata.org/entity/Q35160593
tt6924650,Q56551019,Midway,,,,http://www.wikidata.org/entity/Q56551019
tt6931658,Q111601995,Hunt,,,,http://www.wikidata.org/entity/Q111601995
tt6932874,Q11640531,The Boss Baby: Family Business,,,,http://www.wikidata.org/entity/Q11640531
tt6966692,Q48673898,Green Book,,,,http://www.wikidata.org/entity/Q48673898
tt6977338,Q56274437,Good Boys,,,,http://www.wikidata.org/entity/Q56274437
tt6979756,Q67936237,Creation of the Gods I: Kingdom of Storms,,,,http://www.wikidata.org/entity/Q67936237
tt7040874,Q39069921,A Simple Favor,,,,http://www.wikidata.org/entity/Q39069921
tt7054636,Q55436190,A Madea Family Funeral,,,,http://www.wikidata.org/entity/Q55436190
tt7068946,Q124848369,The Accountant 2,,,,http://www.wikidata.org/entity/Q124848369
tt7069210,Q64145552,The Conjuring: The Devil Made Me Do It,,,,http://www.wikidata.org/entity/Q64145552
tt7097896,Q60498064,Venom: Let There Be Carnage,,,,http://www.wikidata.org/entity/Q60498064
tt7126948,Q33408623,Wonder Woman 1984,,,,http://www.wikidata.org/entity/Q33408623
tt7131622,Q47300912,Once Upon a Time in Hollywood,,,,http://www.wikidata.org/entity/Q47300912
tt7131870,Q27964540,Wolf Warrior 2,,,,http://www.wikidata.org/entity/Q27964540
tt7144666,Q105584511,The Black Phone,,,,http://www.wikidata.org/entity/Q105584511
tt7146812,Q59690895,Onward,,,,http://www.wikidata.org/entity/Q59690895
tt7160070,Q26252639,Along with the Gods: The Two Worlds,,,,http://www.wikidata.org/entity/Q26252639
tt7160372,Q115993222,The Zone of Interest,,,,http://www.wikidata.org/entity/Q115993222
tt7181546,Q84713105,Ballerina,,,,http://www.wikidata.org/entity/Q84713105
tt7183578,Q55715719,Project Gutenberg,,,,http://www.wikidata.org/entity/Q55715719
tt7245176,Q28019972,Paradox,,,,http://www.wikidata.org/entity/Q28019972
tt7286456,Q42759035,Joker,,,,http://www.wikidata.org/entity/Q42759035
tt7294150,Q64854696,The Eight Hundred,,,,http://www.wikidata.org/entity/Q64854696
tt7322224,Q97304180,Triangle of Sadness,,,,http://www.wikidata.org/entity/Q97304180
tt7349662,Q43370948,BlacKkKlansman,,,,http://www.wikidata.org/entity/Q43370948
tt7349950,Q42726338,It: Chapter Two,,,,http://www.wikidata.org/entity/Q42726338
tt7362036,Q55376631,Dying to Survive,,,,http://www.wikidata.org/entity/Q55376631
tt7401588,Q50649533,Instant Family,,,,http://www.wikidata.org/entity/Q50649533
tt7405458,Q111608782,A Man Called Otto,,,,http://www.wikidata.org/entity/Q111608782
tt7430722,Q64390886,War,,,,http://www.wikidata.org/entity/Q64390886
tt7431894,Q42370860,Never Say Die,,,,http://www.wikidata.org/entity/Q42370860
tt7466442,Q41709271,The Bob's Burgers Movie,,,,http://www.wikidata.org/entity/Q41709271
tt7504726,Q57982258,The Call of the Wild,,,,http://www.wikidata.org/entity/Q57982258
tt7504818,Q106299119,Ron's Gone Wrong,,,,http://www.wikidata.org/entity/Q106299119
tt7510222,Q113373276,Despicable Me 4,,,,http://www.wikidata.org/entity/Q113373276
tt7510222,Q113373276,Despicable Me 4,,,,http://www.wikidata.org/entity/Q113373276
tt7510346,Q52151357,The Turning,,,,http://www.wikidata.org/entity/Q52151357
tt7545266,Q57779949,Like a Boss,,,,http://www.wikidata.org/entity/Q57779949
tt7547410,Q56064745,Dora and the Lost City of Gold,,,,http://www.wikidata.org/entity/Q56064745
tt7599146,Q85847274,Sound of Freedom,,,,http://www.wikidata.org/entity/Q85847274
tt7605074,Q57966215,The Wandering Earth,,,,http://www.wikidata.org/entity/Q57966215
tt7616798,Q57314401,A Dog's Way Home,,,,http://www.wikidata.org/entity/Q57314401
tt7634968,Q55257871,What Men Want,,,,http://www.wikidata.org/entity/Q55257871
tt7657566,Q56816969,Death on the Nile,,,,http://www.wikidata.org/entity/Q56816969
tt7668870,Q48674419,Searching,,,,http://www.wikidata.org/entity/Q48674419
tt7693316,Q105962551,Devotion,,,,http://www.wikidata.org/entity/Q105962551
tt7713068,Q57177410,Birds of Prey and the Fantabulous Emancipation of One Harley Quinn,,,,http://www.wikidata.org/entity/Q57177410
tt7731512,Q56311199,Code Blue: The Movie,,,,http://www.wikidata.org/entity/Q56311199
tt7737786,Q73897733,Greenland,,,,http://www.wikidata.org/entity/Q73897733
tt7740496,Q82430214,Nightmare Alley,,,,http://www.wikidata.org/entity/Q82430214
tt7752454,Q50143448,Detective Chinatown 2,,,,http://www.wikidata.org/entity/Q50143448
tt7784604,Q47524071,Hereditary,,,,http://www.wikidata.org/entity/Q47524071
tt7798646,Q63728411,The Photograph,,,,http://www.wikidata.org/entity/Q63728411
tt7830888,Q48671306,The Ex-File 3: The Return of the Exes,,,,http://www.wikidata.org/entity/Q48671306
tt7880466,Q43984092,Detective Conan: Zero the Enforcer,,,,http://www.wikidata.org/entity/Q43984092
tt7888964,Q83965418,Nobody,,,,http://www.wikidata.org/entity/Q83965418
tt7946836,Q55381657,Animal World,,,,http://www.wikidata.org/entity/Q55381657
tt7959026,Q54812267,The Mule,,,,http://www.wikidata.org/entity/Q54812267
tt7961060,Q48781975,Dragon Ball Super: Broly,,,,http://www.wikidata.org/entity/Q48781975
tt7967302,Q131382798,The King of Kings,,,,http://www.wikidata.org/entity/Q131382798
tt7975244,Q60501923,Jumanji: The Next Level,,,,http://www.wikidata.org/entity/Q60501923
tt7985704,Q104822312,Operation Fortune: Ruse de Guerre,,,,http://www.wikidata.org/entity/Q104822312
tt8004664,Q65049519,Come Play,,,,http://www.wikidata.org/entity/Q65049519
tt8008948,Q121085761,Den of Thieves 2: Pantera,,,,http://www.wikidata.org/entity/Q121085761
tt8028526,Q135689062,Boonie Bears: The Big Shrink,,,,http://www.wikidata.org/entity/Q135689062
tt8033592,Q48848049,Us and Them,,,,http://www.wikidata.org/entity/Q48848049
tt8041270,Q55178974,Jurassic World Dominion,,,,http://www.wikidata.org/entity/Q55178974
tt8079248,Q55076454,Yesterday,,,,http://www.wikidata.org/entity/Q55076454
tt8092118,Q74237069,Fate/stay night: Heaven's Feel III. spring song,,,,http://www.wikidata.org/entity/Q74237069
tt8093700,Q109905743,The Woman King,,,,http://www.wikidata.org/entity/Q109905743
tt8098546,Q30295056,Doraemon: Nobita's Treasure Island,,,,http://www.wikidata.org/entity/Q30295056
tt8108274,Q19807569,Tanhaji,,,,http://www.wikidata.org/entity/Q19807569
tt8115900,Q97288428,The Bad Guys,,,,http://www.wikidata.org/entity/Q97288428
tt8116428,Q54803694,Along with the Gods: The Last 49 Days,,,,http://www.wikidata.org/entity/Q54803694
tt8155288,Q52715747,Happy Death Day 2U,,,,http://www.wikidata.org/entity/Q52715747
tt8165192,Q99964772,Raging Fire,,,,http://www.wikidata.org/entity/Q99964772
tt8178634,Q60424165,RRR,,,,http://www.wikidata.org/entity/Q60424165
tt8239806,Q55388729,The White Storm 2 - Drug Lords,,,,http://www.wikidata.org/entity/Q55388729
tt8299800,Q60990610,"Hello, Mrs. Money",,,,http://www.wikidata.org/entity/Q60990610
tt8332922,Q53911403,A Quiet Place: Part II,,,,http://www.wikidata.org/entity/Q53911403
tt8350360,Q55973412,Annabelle Comes Home,,,,http://www.wikidata.org/entity/Q55973412
tt8356942,Q65090801,The 355,,,,http://www.wikidata.org/entity/Q65090801
tt8364368,Q56241205,Crawl,,,,http://www.wikidata.org/entity/Q56241205
tt8366590,Q72398161,Baaghi 3,,,,http://www.wikidata.org/entity/Q72398161
tt8367814,Q60614686,The Gentlemen,,,,http://www.wikidata.org/entity/Q60614686
tt8376234,Q61951873,Peter Rabbit 2: The Runaway,,,,http://www.wikidata.org/entity/Q61951873
tt8385148,Q61951885,Hitman's Wife's Bodyguard,,,,http://www.wikidata.org/entity/Q61951885
tt8385474,Q61654745,A Dog's Journey,,,,http://www.wikidata.org/entity/Q61654745
tt8404256,Q64027609,Snake Eyes: G.I. Joe Origins,,,,http://www.wikidata.org/entity/Q64027609
tt8404272,Q53962429,How Long Will I Love U,,,,http://www.wikidata.org/entity/Q53962429
tt8434380,Q55707582,Hidden Man,,,,http://www.wikidata.org/entity/Q55707582
tt8521778,Q112341432,Bob Marley: One Love,,,,http://www.wikidata.org/entity/Q112341432
tt8529186,Q56042875,Hello Mr. Billionaire,,,,http://www.wikidata.org/entity/Q56042875
tt8544498,Q58928205,The Way Back,,,,http://www.wikidata.org/entity/Q58928205
tt8579674,Q62721520,1917,,,,http://www.wikidata.org/entity/Q62721520
tt8589698,Q110271518,Teenage Mutant Ninja Turtles: Mutant Mayhem,,,,http://www.wikidata.org/entity/Q110271518
tt8623904,Q60370884,Last Christmas,,,,http://www.wikidata.org/entity/Q60370884
tt8652818,Q106434135,Violet Evergarden: The Movie,,,,http://www.wikidata.org/entity/Q106434135
tt8755316,Q55164138,The Island,,,,http://www.wikidata.org/entity/Q55164138
tt8760708,Q110661062,M3GAN,,,,http://www.wikidata.org/entity/Q110661062
tt8790086,Q107390449,Kraven the Hunter,,,,http://www.wikidata.org/entity/Q107390449
tt8847712,Q59551547,The French Dispatch,,,,http://www.wikidata.org/entity/Q59551547
tt8850222,Q65061643,Peninsula,,,,http://www.wikidata.org/entity/Q65061643
tt8864596,Q116638627,Transformers One,,,,http://www.wikidata.org/entity/Q116638627
tt8893870,Q55694158,Love Apartment,,,,http://www.wikidata.org/entity/Q55694158
tt8912936,Q106953528,DC League of Super-Pets,,,,http://www.wikidata.org/entity/Q106953528
tt8946378,Q57982486,Knives Out,,,,http://www.wikidata.org/entity/Q57982486
tt8999762,Q101112656,The Brutalist,,,,http://www.wikidata.org/entity/Q101112656
tt9018612,Q59726927,Wotakoi: Love Is Hard for Otaku,,,,http://www.wikidata.org/entity/Q59726927
tt9032400,Q23894629,Eternals,,,,http://www.wikidata.org/entity/Q23894629
tt9081562,Q56460813,More than Blue,,,,http://www.wikidata.org/entity/Q56460813
tt9086228,Q63994491,Gretel and Hansel,,,,http://www.wikidata.org/entity/Q63994491
tt9114286,Q54860489,Black Panther: Wakanda Forever,,,,http://www.wikidata.org/entity/Q54860489
tt9134216,Q61774239,Playing with Fire,,,,http://www.wikidata.org/entity/Q61774239
tt9150192,Q125495342,A Working Man,,,,http://www.wikidata.org/entity/Q125495342
tt9173418,Q61664894,Brahms: The Boy II,,,,http://www.wikidata.org/entity/Q61664894
tt9179430,Q102147287,Vikram,,,,http://www.wikidata.org/entity/Q102147287
tt9204164,Q98079445,Bigfoot Family,,,,http://www.wikidata.org/entity/Q98079445
tt9214772,Q105952623,Monkey Man,,,,http://www.wikidata.org/entity/Q105952623
tt9214832,Q65091224,Emma,,,,http://www.wikidata.org/entity/Q65091224
tt9218128,Q115789958,Gladiator II,,,,http://www.wikidata.org/entity/Q115789958
tt9218128,Q115789958,Gladiator II,,,,http://www.wikidata.org/entity/Q115789958
tt9224104,Q110842446,Meg 2: The Trench,,,,http://www.wikidata.org/entity/Q110842446
tt9271672,Q104214267,Prey for the Devil,,,,http://www.wikidata.org/entity/Q104214267
tt9282616,Q59783960,A Cool Fish,,,,http://www.wikidata.org/entity/Q59783960
tt9283920,Q67103472,The Rescue,,,,http://www.wikidata.org/entity/Q67103472
tt9347730,Q64174907,Candyman,,,,http://www.wikidata.org/entity/Q64174907
tt9362722,Q76448600,Spider-Man: Across the Spider-Verse,,,,http://www.wikidata.org/entity/Q76448600
tt9362930,Q107808351,Blue Beetle,,,,http://www.wikidata.org/entity/Q107808351
tt9368628,Q60993104,The New King of Comedy,,,,http://www.wikidata.org/entity/Q60993104
tt9376612,Q65768589,Shang-Chi and the Legend of the Ten Rings,,,,http://www.wikidata.org/entity/Q65768589
tt9408490,Q60213251,Kill Mobile,,,,http://www.wikidata.org/entity/Q60213251
tt9411972,Q106311043,Where the Crawdads Sing,,,,http://www.wikidata.org/entity/Q106311043
tt9419056,Q86751110,The Unholy,,,,http://www.wikidata.org/entity/Q86751110
tt9419884,Q64211112,Doctor Strange in the Multiverse of Madness,,,,http://www.wikidata.org/entity/Q64211112
tt9426210,Q59692464,Weathering with You,,,,http://www.wikidata.org/entity/Q59692464
tt9430698,Q56313751,One Piece: Stampede,,,,http://www.wikidata.org/entity/Q56313751
tt9501310,Q59418140,Detective Conan: The Fist of Blue Sapphire,,,,http://www.wikidata.org/entity/Q59418140
tt9507234,Q65230836,Digimon Adventure: Last Evolution Kizuna,,,,http://www.wikidata.org/entity/Q65230836
tt9537292,Q65057760,Ala Vaikunthapurramloo,,,,http://www.wikidata.org/entity/Q65057760
tt9541602,Q55106022,Extreme Job,,,,http://www.wikidata.org/entity/Q55106022
tt9586294,Q56272081,Better Days,,,,http://www.wikidata.org/entity/Q56272081
tt9597190,Q61610255,Pegasus,,,,http://www.wikidata.org/entity/Q61610255
tt9597838,Q62597210,Shock Wave 2,,,,http://www.wikidata.org/entity/Q62597210
tt9603208,Q61876374,Mission: Impossible – The Final Reckoning,,,,http://www.wikidata.org/entity/Q61876374
tt9603212,Q61876370,Mission: Impossible – Dead Reckoning Part One,,,,http://www.wikidata.org/entity/Q61876370
tt9619824,Q118212751,Final Destination Bloodlines,,,,http://www.wikidata.org/entity/Q118212751
tt9620288,Q84203429,King Richard,,,,http://www.wikidata.org/entity/Q84203429
tt9620292,Q62595383,Promising Young Woman,,,,http://www.wikidata.org/entity/Q62595383
tt9635616,Q61882061,The Climbers,,,,http://www.wikidata.org/entity/Q61882061
tt9663764,Q91226161,Aquaman and the Lost Kingdom,,,,http://www.wikidata.org/entity/Q91226161
tt9682428,Q117842595,Night Swim,,,,http://www.wikidata.org/entity/Q117842595
tt9685342,Q105501900,A Writer's Odyssey,,,,http://www.wikidata.org/entity/Q105501900
tt9695722,Q65268030,Vanguard,,,,http://www.wikidata.org/entity/Q65268030
tt9735672,Q57329294,Doraemon: Nobita's Chronicle of the Moon Exploration,,,,http://www.wikidata.org/entity/Q57329294
tt9764362,Q108444804,The Menu,,,,http://www.wikidata.org/entity/Q108444804
tt9770150,Q61740820,Nomadland,,,,http://www.wikidata.org/entity/Q61740820
tt9779516,Q66828805,I Still Believe,,,,http://www.wikidata.org/entity/Q66828805
tt9844522,Q64027971,Escape Room: Tournament of Champions,,,,http://www.wikidata.org/entity/Q64027971
tt9860350,Q85881954,The Asadas,,,,http://www.wikidata.org/entity/Q85881954
tt9877138,Q105470889,Caught in Time,,,,http://www.wikidata.org/entity/Q105470889